Time,Type,Key,Variant,Model,Seconds,EstimatedUsd,Result
2026-10-05T18:56:28+09:00,sfx,hit,A,eleven_text_to_sound_v2,0.5,0.0010,ok
2026-10-05T18:56:41+09:00,sfx,hit,B,eleven_text_to_sound_v2,0.5,0.0010,ok
2026-10-05T18:56:43+09:00,sfx,hit,C,eleven_text_to_sound_v2,0.5,0.0010,ok
2026-10-05T18:56:46+09:00,sfx,mercenary-death,A,eleven_text_to_sound_v2,2,0.0040,ok
2026-10-05T18:56:47+09:00,sfx,mercenary-death,B,eleven_text_to_sound_v2,2,0.0040,ok
2026-10-05T18:56:49+09:00,sfx,mercenary-death,C,eleven_text_to_sound_v2,2,0.0040,ok
2026-10-05T18:56:52+09:00,sfx,button,A,eleven_text_to_sound_v2,0.5,0.0010,ok
2026-10-05T18:56:54+09:00,sfx,button,B,eleven_text_to_sound_v2,0.5,0.0010,ok
2026-10-05T18:56:56+09:00,sfx,button,C,eleven_text_to_sound_v2,0.5,0.0010,ok
2026-10-05T18:57:01+09:00,bgm,dungeon,A,music_v2_5,30,0.0750,ok
2026-10-05T18:57:05+09:00,bgm,dungeon,B,music_v2_5,30,0.0750,ok
2026-10-05T18:57:09+09:00,bgm,dungeon,C,music_v2_5,30,0.0750,ok
2026-10-05T22:26:05+09:00,bgm,lobby,A,music_v2_5,60,0.1500,ok
2026-10-05T22:26:18+09:00,bgm,lobby,B,music_v2_5,60,0.1500,ok
2026-10-05T22:26:25+09:00,bgm,lobby,C,music_v2_5,60,0.1500,ok
2026-10-05T22:26:31+09:00,bgm,boss,A,music_v2_5,60,0.1500,ok
2026-10-05T22:26:38+09:00,bgm,boss,B,music_v2_5,60,0.1500,ok
2026-10-05T22:26:45+09:00,bgm,boss,C,music_v2_5,60,0.1500,ok
2026-10-05T22:27:17+09:00,sfx,item-weapon,A,eleven_text_to_sound_v2,0.6,0.0012,ok
2026-10-05T22:27:19+09:00,sfx,item-weapon,B,eleven_text_to_sound_v2,0.6,0.0012,ok
2026-10-05T22:27:21+09:00,sfx,item-weapon,C,eleven_text_to_sound_v2,0.6,0.0012,ok
2026-10-05T22:27:23+09:00,sfx,item-armor,A,eleven_text_to_sound_v2,0.6,0.0012,ok
2026-10-05T22:27:25+09:00,sfx,item-armor,B,eleven_text_to_sound_v2,0.6,0.0012,ok
2026-10-05T22:27:27+09:00,sfx,item-armor,C,eleven_text_to_sound_v2,0.6,0.0012,ok
2026-10-05T22:27:29+09:00,sfx,item-attack,A,eleven_text_to_sound_v2,0.5,0.0010,ok
2026-10-05T22:27:31+09:00,sfx,item-attack,B,eleven_text_to_sound_v2,0.5,0.0010,ok
2026-10-05T22:27:33+09:00,sfx,item-attack,C,eleven_text_to_sound_v2,0.5,0.0010,ok
2026-10-05T22:27:35+09:00,sfx,item-support,A,eleven_text_to_sound_v2,0.8,0.0016,ok
2026-10-05T22:27:37+09:00,sfx,item-support,B,eleven_text_to_sound_v2,0.8,0.0016,ok
2026-10-05T22:27:39+09:00,sfx,item-support,C,eleven_text_to_sound_v2,0.8,0.0016,ok
2026-10-05T22:27:41+09:00,sfx,hit-heavy,A,eleven_text_to_sound_v2,0.8,0.0016,ok
2026-10-05T22:27:43+09:00,sfx,hit-heavy,B,eleven_text_to_sound_v2,0.8,0.0016,ok
2026-10-05T22:27:46+09:00,sfx,hit-heavy,C,eleven_text_to_sound_v2,0.8,0.0016,ok
2026-10-05T22:27:47+09:00,sfx,blocked,A,eleven_text_to_sound_v2,0.5,0.0010,ok
2026-10-05T22:27:49+09:00,sfx,blocked,B,eleven_text_to_sound_v2,0.5,0.0010,ok
2026-10-05T22:27:51+09:00,sfx,blocked,C,eleven_text_to_sound_v2,0.5,0.0010,ok
2026-10-05T22:27:52+09:00,sfx,heal,A,eleven_text_to_sound_v2,0.9,0.0018,ok
2026-10-05T22:27:54+09:00,sfx,heal,B,eleven_text_to_sound_v2,0.9,0.0018,ok
2026-10-05T22:27:56+09:00,sfx,heal,C,eleven_text_to_sound_v2,0.9,0.0018,ok
2026-10-05T22:27:58+09:00,sfx,shield,A,eleven_text_to_sound_v2,0.6,0.0012,ok
2026-10-05T22:28:00+09:00,sfx,shield,B,eleven_text_to_sound_v2,0.6,0.0012,ok
2026-10-05T22:28:02+09:00,sfx,shield,C,eleven_text_to_sound_v2,0.6,0.0012,ok
2026-10-05T22:28:04+09:00,sfx,burn,A,eleven_text_to_sound_v2,0.8,0.0016,ok
2026-10-05T22:28:07+09:00,sfx,burn,B,eleven_text_to_sound_v2,0.8,0.0016,ok
2026-10-05T22:28:09+09:00,sfx,burn,C,eleven_text_to_sound_v2,0.8,0.0016,ok
2026-10-05T22:28:11+09:00,sfx,deaths-door,A,eleven_text_to_sound_v2,1,0.0020,ok
2026-10-05T22:28:13+09:00,sfx,deaths-door,B,eleven_text_to_sound_v2,1,0.0020,ok
2026-10-05T22:28:16+09:00,sfx,deaths-door,C,eleven_text_to_sound_v2,1,0.0020,ok
2026-10-05T22:28:17+09:00,sfx,survived,A,eleven_text_to_sound_v2,0.7,0.0014,ok
2026-10-05T22:28:19+09:00,sfx,survived,B,eleven_text_to_sound_v2,0.7,0.0014,ok
2026-10-05T22:28:21+09:00,sfx,survived,C,eleven_text_to_sound_v2,0.7,0.0014,ok
2026-10-05T22:28:23+09:00,sfx,enemy-down,A,eleven_text_to_sound_v2,1,0.0020,ok
2026-10-05T22:28:25+09:00,sfx,enemy-down,B,eleven_text_to_sound_v2,1,0.0020,ok
2026-10-05T22:28:27+09:00,sfx,enemy-down,C,eleven_text_to_sound_v2,1,0.0020,ok
2026-10-05T22:28:29+09:00,sfx,kill-moment,A,eleven_text_to_sound_v2,1,0.0020,ok
2026-10-05T22:28:31+09:00,sfx,kill-moment,B,eleven_text_to_sound_v2,1,0.0020,ok
2026-10-05T22:28:33+09:00,sfx,kill-moment,C,eleven_text_to_sound_v2,1,0.0020,ok
2026-10-05T22:28:35+09:00,sfx,potion,A,eleven_text_to_sound_v2,0.8,0.0016,ok
2026-10-05T22:28:44+09:00,sfx,potion,B,eleven_text_to_sound_v2,0.8,0.0016,ok
2026-10-05T22:28:50+09:00,sfx,potion,C,eleven_text_to_sound_v2,0.8,0.0016,ok
2026-10-05T22:28:52+09:00,sfx,retreat,A,eleven_text_to_sound_v2,1,0.0020,ok
2026-10-05T22:28:54+09:00,sfx,retreat,B,eleven_text_to_sound_v2,1,0.0020,ok
2026-10-05T22:28:56+09:00,sfx,retreat,C,eleven_text_to_sound_v2,1,0.0020,ok
2026-10-05T22:28:57+09:00,sfx,retreat-failed,A,eleven_text_to_sound_v2,0.8,0.0016,ok
2026-10-05T22:28:59+09:00,sfx,retreat-failed,B,eleven_text_to_sound_v2,0.8,0.0016,ok
2026-10-05T22:29:02+09:00,sfx,retreat-failed,C,eleven_text_to_sound_v2,0.8,0.0016,ok
2026-10-05T22:29:04+09:00,sfx,candle-out,A,eleven_text_to_sound_v2,1.2,0.0024,ok
2026-10-05T22:29:06+09:00,sfx,candle-out,B,eleven_text_to_sound_v2,1.2,0.0024,ok
2026-10-05T22:29:08+09:00,sfx,candle-out,C,eleven_text_to_sound_v2,1.2,0.0024,ok
2026-10-05T22:29:10+09:00,sfx,thunder,A,eleven_text_to_sound_v2,1.5,0.0030,ok
2026-10-05T22:29:15+09:00,sfx,thunder,B,eleven_text_to_sound_v2,1.5,0.0030,ok
2026-10-05T22:29:17+09:00,sfx,thunder,C,eleven_text_to_sound_v2,1.5,0.0030,ok
2026-10-05T22:29:18+09:00,sfx,victory,A,eleven_text_to_sound_v2,2,0.0040,ok
2026-10-05T22:29:21+09:00,sfx,victory,B,eleven_text_to_sound_v2,2,0.0040,ok
2026-10-05T22:29:23+09:00,sfx,victory,C,eleven_text_to_sound_v2,2,0.0040,ok
2026-10-05T22:29:25+09:00,sfx,defeat,A,eleven_text_to_sound_v2,2,0.0040,ok
2026-10-05T22:29:28+09:00,sfx,defeat,B,eleven_text_to_sound_v2,2,0.0040,ok
2026-10-05T22:29:30+09:00,sfx,defeat,C,eleven_text_to_sound_v2,2,0.0040,ok
2026-10-05T22:29:32+09:00,sfx,item-place,A,eleven_text_to_sound_v2,0.6,0.0012,ok
2026-10-05T22:29:34+09:00,sfx,item-place,B,eleven_text_to_sound_v2,0.6,0.0012,ok
2026-10-05T22:29:36+09:00,sfx,item-place,C,eleven_text_to_sound_v2,0.6,0.0012,ok
2026-10-05T22:29:38+09:00,sfx,node-move,A,eleven_text_to_sound_v2,0.8,0.0016,ok
2026-10-05T22:29:40+09:00,sfx,node-move,B,eleven_text_to_sound_v2,0.8,0.0016,ok
2026-10-05T22:29:41+09:00,sfx,node-move,C,eleven_text_to_sound_v2,0.8,0.0016,ok
2026-10-05T22:29:44+09:00,sfx,depart,A,eleven_text_to_sound_v2,1.5,0.0030,ok
2026-10-05T22:29:46+09:00,sfx,depart,B,eleven_text_to_sound_v2,1.5,0.0030,ok
2026-10-05T22:29:48+09:00,sfx,depart,C,eleven_text_to_sound_v2,1.5,0.0030,ok
