Time,Type,Key,Name,Model,Quality,Size,TextInTokens,ImageInTokens,OutputTokens,EstimatedUsd
2026-10-02T15:53:14+09:00,character,knight,knight,gpt-image-2.5-sunburst,medium,1024x1024,680,1521,439,0.0287
2026-10-02T15:53:49+09:00,character,archmage,archmage,gpt-image-2.5-sunburst,medium,1024x1024,683,1521,439,0.0288
2026-10-02T16:38:03+09:00,character,knight,knight,gpt-image-2.5-sunburst,medium,1024x1024,836,1521,439,0.0295
2026-10-02T16:38:33+09:00,character,archmage,archmage,gpt-image-2.5-sunburst,medium,1024x1024,839,1521,439,0.0295
2026-10-02T16:55:09+09:00,character,bishop,bishop,gpt-image-2.5-sunburst,medium,1024x1024,839,1521,439,0.0295
2026-10-02T16:55:31+09:00,character,paladin,paladin,gpt-image-2.5-sunburst,medium,1024x1024,841,1521,439,0.0295
2026-10-02T16:55:53+09:00,character,spellblade,spellblade,gpt-image-2.5-sunburst,medium,1024x1024,839,1521,439,0.0295
2026-10-02T17:09:11+09:00,character,bishop,bishop,gpt-image-2.5-sunburst,medium,1024x1024,908,1521,439,0.0299
2026-10-02T17:09:33+09:00,character,archmage,archmage,gpt-image-2.5-sunburst,medium,1024x1024,907,1521,439,0.0299
2026-10-02T17:16:46+09:00,character,archmage,archmage,gpt-image-2.5-sunburst,medium,1024x1024,973,1521,439,0.0302
2026-10-02T17:26:07+09:00,enemy,goblin_raider,goblin_raider,gpt-image-2.5-sunburst,medium,1024x1024,858,1521,439,0.0296
2026-10-02T17:26:41+09:00,enemy,cave_rat,cave_rat,gpt-image-2.5-sunburst,medium,1024x1024,861,1521,439,0.0296
2026-10-02T17:30:48+09:00,enemy,goblin_archer,goblin_archer,gpt-image-2.5-sunburst,medium,1024x1024,866,1521,439,0.0297
2026-10-02T17:31:10+09:00,enemy,goblin_shaman,goblin_shaman,gpt-image-2.5-sunburst,medium,1024x1024,869,1521,439,0.0297
2026-10-02T17:31:33+09:00,enemy,mine_overseer,mine_overseer,gpt-image-2.5-sunburst,medium,1024x1024,877,1521,439,0.0297
2026-10-02T20:09:47+09:00,item,longsword,longsword,gpt-image-2.5-sunburst,medium,1024x1024,710,768,439,0.0229
2026-10-02T20:10:08+09:00,item,ember_flask,ember_flask,gpt-image-2.5-sunburst,medium,1024x1024,691,1521,439,0.0288
2026-10-02T20:59:31+09:00,background,abandoned_mine,abandoned_mine,gpt-image-2.5-sunburst,medium,2304x1536,746,1521,532,0.0319
2026-10-02T22:32:51+09:00,ui_frame,panel,panel,gpt-image-2.5-sunburst,medium,1024x1024,549,1521,439,0.0281
2026-10-02T22:33:31+09:00,ui_frame,plate,plate,gpt-image-2.5-sunburst,medium,1536x768,532,1521,229,0.0217
2026-10-02T22:33:43+09:00,ui_frame,slot,slot,gpt-image-2.5-sunburst,medium,1536x512,546,1521,134,0.0189
2026-10-02T22:33:56+09:00,ui_frame,button,button,gpt-image-2.5-sunburst,medium,1536x768,532,1521,229,0.0217
2026-10-02T22:34:41+09:00,ui_icon,shield,shield,gpt-image-2.5-sunburst,medium,1024x1024,506,1521,439,0.0279
2026-10-02T22:34:56+09:00,ui_icon,burn,burn,gpt-image-2.5-sunburst,medium,1024x1024,504,1521,439,0.0279
2026-10-02T22:35:12+09:00,ui_icon,deaths_door,deaths_door,gpt-image-2.5-sunburst,medium,1024x1024,507,1521,439,0.0279
2026-10-02T22:35:31+09:00,ui_icon,storm,storm,gpt-image-2.5-sunburst,medium,1024x1024,504,1521,439,0.0279
2026-10-03T00:13:14+09:00,item,longsword,longsword,gpt-image-2.5-sunburst,medium,1536x512,817,768,134,0.0142
2026-10-03T00:13:28+09:00,item,ember_flask,ember_flask,gpt-image-2.5-sunburst,medium,1536x512,798,1521,134,0.0202
2026-10-03T00:13:50+09:00,item,spear,spear,gpt-image-2.5-sunburst,medium,1536x1024,718,1521,343,0.0260
2026-10-03T00:14:08+09:00,item,halberd,halberd,gpt-image-2.5-sunburst,medium,1024x1024,713,1521,439,0.0289
2026-10-03T00:14:51+09:00,item,sword,sword,gpt-image-2.5-sunburst,medium,1536x512,816,768,134,0.0142
2026-10-03T00:15:07+09:00,item,greataxe,greataxe,gpt-image-2.5-sunburst,medium,1536x512,814,768,134,0.0142
2026-10-03T00:15:24+09:00,item,mace,mace,gpt-image-2.5-sunburst,medium,1536x512,815,768,134,0.0142
2026-10-03T00:15:38+09:00,item,healing_staff,healing_staff,gpt-image-2.5-sunburst,medium,1536x512,813,768,134,0.0142
2026-10-03T00:15:58+09:00,item,fire_staff,fire_staff,gpt-image-2.5-sunburst,medium,1536x512,816,768,134,0.0142
2026-10-03T00:16:13+09:00,item,dagger,dagger,gpt-image-2.5-sunburst,medium,1536x512,801,1521,134,0.0202
2026-10-03T00:16:30+09:00,item,longbow,longbow,gpt-image-2.5-sunburst,medium,1536x1024,713,1521,343,0.0260
2026-10-03T00:16:44+09:00,item,buckler,buckler,gpt-image-2.5-sunburst,medium,1536x512,805,1521,134,0.0202
2026-10-03T00:16:59+09:00,item,ward_charm,ward_charm,gpt-image-2.5-sunburst,medium,1536x512,803,1521,134,0.0202
2026-10-03T00:17:15+09:00,item,herb_pouch,herb_pouch,gpt-image-2.5-sunburst,medium,1536x512,802,1521,134,0.0202
2026-10-03T00:17:27+09:00,item,rat_bite,rat_bite,gpt-image-2.5-sunburst,medium,1536x512,799,1521,134,0.0202
2026-10-03T00:17:44+09:00,item,rusty_blade,rusty_blade,gpt-image-2.5-sunburst,medium,1536x512,817,768,134,0.0142
2026-10-03T00:17:58+09:00,item,crude_bow,crude_bow,gpt-image-2.5-sunburst,medium,1536x512,813,768,134,0.0142
2026-10-03T00:18:13+09:00,item,hex_spit,hex_spit,gpt-image-2.5-sunburst,medium,1536x512,806,1521,134,0.0202
2026-10-03T00:18:31+09:00,item,mending_chant,mending_chant,gpt-image-2.5-sunburst,medium,1536x512,798,1521,134,0.0202
2026-10-03T00:18:48+09:00,item,overseer_maul,overseer_maul,gpt-image-2.5-sunburst,medium,1536x512,816,768,134,0.0142
2026-10-03T00:19:03+09:00,item,overseer_roar,overseer_roar,gpt-image-2.5-sunburst,medium,1536x512,813,1521,134,0.0203
