Key,Value
PartySize,4
MinPartySize,1
TotalDays,100
MaxFatigue,200
FatigueRecoveryPerDay,10
FatigueBreakdown,100
FatigueBattleEntry,2
FatigueEquipment,1
FatigueOnHit,2
FatigueOnDog,5
FatigueOnAllyDog,3
FatigueOnAllyDeath,10
FatigueOnKill,3
VirtueChancePercent,25
VirtueFatigue,40
RestDays,1
DogGraceMs,3000
DogGraceBreakHits,3
DogDeathChancePercent,30
BurnTickMs,1000
StormStartMs,45000
StormTickMs,1000
StormBaseDamage,2
StormGrowth,2
PotionSlots,3
PotionCooldownMs,1500
RetreatChancePercent,60
RetreatCooldownMs,5000
PostBattleHealPercent,10
MinCooldownMs,200
DropCount,1
EliteDropCount,2
InventoryCells,10
CampHealPercent,30
CampFatigueRelief,20
TierBronzePercent,200
TierSilverPercent,300
TierGoldPercent,400
MapBranchChancePercent,50
FinalBossLevel,14
ShopSlots,4
ShopRefreshBase,3
ShopRefreshStep,2
CoinsPerEnemy,1
CoinsPerFloor,1
EliteCoinPercent,200
