Id,DungeonId,MinFloor,MaxFloor,IsBoss,IsElite,Enemies
rat_pack,abandoned_mine,1,9,false,false,cave_rat+cave_rat+cave_rat+cave_rat
raider_patrol,abandoned_mine,1,6,false,false,goblin_raider+goblin_raider+goblin_raider
raider_warband,abandoned_mine,3,11,false,false,goblin_raider+goblin_raider+goblin_archer+goblin_shaman
ambush,abandoned_mine,3,11,false,false,goblin_raider+goblin_archer+goblin_archer+goblin_shaman
raid_party,abandoned_mine,7,14,false,false,goblin_raider+goblin_raider+goblin_raider+goblin_shaman
archer_line,abandoned_mine,9,14,false,false,goblin_raider+goblin_raider+goblin_archer+goblin_archer
veteran_guard,abandoned_mine,6,14,false,true,goblin_veteran+goblin_veteran+goblin_archer+goblin_hexer
hexer_circle,abandoned_mine,9,14,false,true,goblin_raider+goblin_veteran+goblin_hexer+goblin_hexer
overseer_guard,abandoned_mine,0,0,true,false,mine_overseer+goblin_veteran+goblin_hexer
