Key,Subject,Size,Outline,Flat
panel,"a wide panel of dark navy-grey leather: an even band of the same leather runs around its edge, held by small round iron rivets spaced evenly along it, with one larger rivet in each corner. A thin line of dull brass runs just inside the band. The leather shows a faint, even, flat two-tone grain",264x192,6,no
plate,"a name plate of dark navy painted iron: a thin cream line runs just inside its edge all the way around, and one small round iron stud sits in each corner. The inside is plain",360x176,6,yes
slot,"an empty item slot: a very dark brown-grey recess with a rim of lighter grey-brown iron around it, held by four tiny rivets at the corners. Inside, a narrow band of an even darker tone runs along its top edge",360x120,6,yes
button,"a button of slate blue-grey painted iron: a thin band of a darker tone runs along its bottom edge inside, and one small round rivet sits in each corner",360x104,6,yes
bag,"a slab of dark brown leather, the back of a bag: an even band of the same leather around its edge with a running stitch of pale thread just inside it, and a small round brass stud in each corner. The leather shows a faint, even, flat two-tone grain",192x96,6,no
table,"a wide panel of dark worn wooden planks laid side by side horizontally, each plank a slightly different dull brown, held by small round iron nails at both ends of every plank, with an even band of the same dark wood around the edge. The wood shows a faint, even, flat two-tone grain",264x192,6,no
roll,"an unrolled canvas tool roll seen from the front: a tall rectangle of pale cream canvas with a running stitch of dark thread just inside its edge, a narrow strap of dark brown leather running along its whole top edge with a small brass buckle in the middle of the strap, and nothing else on the canvas. The canvas shows a faint, even, flat two-tone weave",376x200,6,no
pocket,"an empty pocket sewn on a canvas roll: a low wide rectangle of pale cream canvas with a rim of darker tan canvas around it, held by a running stitch of dark brown thread along the rim, with rounded corners. The inside is plain",360x100,6,yes
belt,"a wide leather belt seen from the front: a long band of dark brown leather with a running stitch of pale thread just inside its top and bottom edges and a small round brass rivet in each corner. The leather shows a faint, even, flat two-tone grain",600x160,6,no
plate_wood,"a name plate of dark worn wood: a plain board with a thin lighter line carved just inside its edge all the way around, and one small round iron nail in each corner. The inside is plain wood with a faint, even, flat two-tone grain",360x176,6,no
parchment,"a sheet of aged parchment seen from the front: cream paper with slightly darker, worn edges and two or three faint pale brown stains, plain inside, its corners a little rounded",460x208,6,no
stone_panel,"a wide panel of dark carved grey-black stone: a raised band of stone around its edge carved with a simple repeating ornament of small pointed gothic arches, a small iron skull boss in each corner, and the inside plain dark stone with a faint, even, flat two-tone chisel grain",264x192,6,no
gothic_plate,"a name plate of blackened iron: a thin line of aged gold engraved just inside its edge all the way around, a small gold fleuron ornament at the middle of the top edge and of the bottom edge, and a small iron rivet in each corner. The inside is plain blackened iron",360x176,6,yes
iron_slot,"an empty slot of blackened iron: a low wide rectangle with a bevelled dark iron rim, a small rivet at each corner, and a plain dark recess inside",360x100,6,yes
iron_pocket,"an empty square pocket of blackened iron seen from the front: a bevelled dark iron rim with a small round rivet at each corner, and a plain dark recess inside",128x128,6,yes
iron_inventory,"a panel of blackened iron seen from the front: a plain dark iron plate with a thin line of aged gold engraved just inside its edge all the way around and a small round iron rivet in each corner. The inside is plain dark iron",376x200,6,yes
belt_iron,"a wide band of blackened iron seen from the front: a plain dark iron strap with a thin line of aged gold just inside its top and bottom edges and a row of small round iron rivets spaced evenly along the top and bottom edges",600x160,6,yes
button_iron,"a button of blackened iron seen from the front: a plain dark iron plate with a thin line of aged gold just inside its edge, a slightly darker band along its bottom edge inside, and a small round rivet in each corner",360x104,6,yes
iron_tag,a slim name tag of blackened iron seen from the front: a long low strip of dark iron with a thin line of aged gold just inside its edge and a tiny rivet at each end. The inside is plain dark iron,360x60,4,no
