Key,Subject,Size,Outline
dial,"a round clock face: a plain dark navy disc inside a wide dull brass rim, the rim marked with twelve short dark ticks spaced evenly like the hours and held by a small round iron rivet at the top, the bottom, the left and the right. The face is empty",476x476,6
sign,"a wide hanging wooden sign board seen straight from the front: a plain dark wood plank, wide and low, with a lighter carved border just inside its edge and one iron nail in each corner, hung by two very short loops of rope at its top corners. The face of the board is empty",860x310,6
lantern,"a small tin camp lantern hanging from a short hook: a dark iron frame with a lit candle inside glowing warm yellow, a round ring on top, seen from the front",150x260,6
map_roll,"a rolled-up parchment map lying on its side, seen from the front: a short cream paper scroll with its rolled ends showing, tied around the middle with a thin red ribbon",400x110,6
dice,"two bone-colored six-sided dice lying next to each other, one turned a little, with dark ink pips, seen from the front",220x120,6
candle_holder,"a candle holder of blackened iron seen from the front: a shallow round dish on a short stem, with a small bone-colored skull fixed to the front of the dish. Nothing stands on the dish",290x150,6
candle_body,"a tall thick plain candle of cream wax seen from the front, standing upright, with two or three drips of wax running down its side and a short dark wick at its top. No flame, no holder",134x382,6
candle_flame,"a single candle flame seen from the front: a teardrop of warm orange with a lighter yellow core and a dark base. No candle, no wick, no smoke",60x110,6
skulls,"a small heap of three bone-colored skulls lying on the ground seen from the front, one on its side, with dark eye sockets",240x140,6
gold_stud,a round stud of aged gold seen from the front: a small flat disc with a raised rim and a plain smooth middle,64x64,4
